K,Acc_Pearson,Time(ms),Acc_L1,Time(ms)
8,0.475247525,9217.5736,0.475247525,8401.9016
9,0.504950495,35823.6503,0.475247525,32902.0032
3,0.4879,15965.1724,0.4856,5154.8161
4,0.51805,21899.9237,0.3988,10488.8015
5,0.5349,44931.8585,0.38545,30884.5
6,0.55045,129507.4297,0.41095,112904.9749
7,0.5649,464019.2565,0.43755,464676.7053
8,0.5842,1967730.095,0.4572,1774770.831
9,0.6329,7296917.925,0.43305,6964734.715
